starting_account_to_stock_ratio,years_to_maturity,monthly_account_crediting_rate,monthly_valuation_discount_rate,mu_stock_drift,sigma_stock_vol,prediction,shocked_prediction,change_ratio
0.769,14,0.007,0.01,-0.01,0.06,57.246887,41.33534,0.7220539
1.0044,13,0.003,0.006,0.004,0.06,33.219406,21.277807,0.64052343
1.5545,18,0.005,0.008,-0.01,0.02,121.45321,106.234375,0.8746939
0.8794,13,0.003,0.004,-0.008,0.08,79.58877,66.11661,0.8307279
0.8949,14,0.003,0.008,-0.008,0.08,41.38032,33.23488,0.8031566
0.9515,2,0.009,0.012,-0.008,0.06,28.283592,28.283592,1.0
0.9126,19,0.005,0.006,0.004,0.0,19.02789,18.743187,0.9850376
0.9642,1,0.009,0.006,-0.004,0.02,10.912498,10.608603,0.9721516
0.8912,4,0.005,0.012,-0.006,0.02,27.152805,27.152805,1.0
1.0462,13,0.009,0.008,-0.01,0.08,152.45027,110.55783,0.72520584
0.9642,1,0.009,0.006,-0.006,0.0,13.90789,13.911895,1.0002879
0.9155,14,0.007,0.006,0.0,0.02,92.82103,83.90224,0.9039141
1.2193,2,0.007,0.006,-0.004,0.08,45.13372,45.757637,1.0138237
0.9008,9,0.009,0.008,0.006,0.0,27.070335,28.332754,1.0466348
0.8599,5,0.003,0.008,-0.002,0.06,29.376339,19.396244,0.6602676
1.4153,19,0.009,0.01,0.006,0.02,110.543,80.30941,0.72649926
0.8794,13,0.003,0.004,-0.002,0.02,49.040157,39.641953,0.80835694
1.0354,7,0.007,0.008,-0.01,0.06,82.31855,68.18766,0.8283389
1.2227,20,0.009,0.004,0.006,0.0,339.74567,182.84329,0.53817695
0.8794,13,0.003,0.004,0.002,0.0,10.763634,13.024736,1.2100687
1.2193,2,0.007,0.006,0.0,0.06,38.021084,38.28409,1.0069174
0.8599,5,0.003,0.008,0.008,0.0,-3.2613616,-0.41264158,0.12652433
1.2017,13,0.003,0.004,-0.004,0.04,97.64611,81.57359,0.83540034
1.1711,14,0.007,0.008,0.006,0.04,48.307972,39.962532,0.82724506
1.0117,2,0.003,0.006,-0.004,0.04,16.859026,17.974918,1.0661896
1.3105,1,0.003,0.006,-0.01,0.06,42.07698,41.661552,0.99012697
0.7434,18,0.007,0.01,-0.004,0.06,49.495346,33.512722,0.6770883
0.9345,9,0.005,0.008,0.002,0.02,20.976978,16.36056,0.7799293
0.8864,19,0.005,0.006,0.002,0.0,44.249134,42.21712,0.9540779
1.2687,11,0.007,0.01,0.004,0.06,54.576607,48.839626,0.8948821
1.0988,6,0.003,0.004,-0.006,0.04,62.08618,63.181522,1.0176423
0.8575,9,0.005,0.012,0.006,0.02,3.2617514,3.2617514,1.0
0.704,16,0.005,0.004,0.006,0.04,35.59815,28.942148,0.813024
0.9284,6,0.005,0.004,-0.004,0.06,55.71194,55.69622,0.99971783
1.0524,5,0.005,0.006,-0.008,0.08,62.563972,63.03981,1.0076057
0.8128,11,0.005,0.004,-0.004,0.08,80.34961,69.010124,0.8588732
0.7725,20,0.009,0.008,0.004,0.08,112.21341,80.03621,0.71325
1.0684,18,0.009,0.012,-0.004,0.08,74.89452,74.89452,1.0
1.2032,8,0.003,0.012,-0.004,0.06,33.89507,33.89507,1.0
1.193,14,0.003,0.012,0.008,0.0,-1.4840075,-1.4840075,1.0
0.7725,20,0.009,0.008,0.008,0.0,19.693336,26.233337,1.332092
0.7193,14,0.009,0.008,-0.002,0.06,85.87518,64.5625,0.7518179
0.8962,9,0.003,0.004,0.0,0.0,20.934208,22.370943,1.0686309
1.1205,5,0.009,0.004,-0.004,0.08,95.076,85.73323,0.9017337
0.8206,16,0.007,0.006,0.004,0.02,51.54529,44.91633,0.87139535
1.1227,15,0.003,0.012,-0.008,0.06,26.412853,26.412853,1.0
1.5518,5,0.005,0.01,-0.002,0.02,69.543015,66.57389,0.9573052
1.1907,4,0.007,0.01,0.004,0.08,41.712585,41.47169,0.9942249
1.2682,1,0.005,0.01,-0.006,0.06,36.613922,34.16351,0.9330743
1.5545,18,0.005,0.008,-0.008,0.0,120.29939,105.890625,0.8802258
1.1907,4,0.007,0.01,-0.004,0.08,55.562443,49.076485,0.8832672
1.1907,4,0.007,0.01,0.0,0.02,41.869434,41.30439,0.9865046
0.9642,1,0.009,0.006,-0.01,0.06,16.594904,17.251106,1.0395424
1.0857,19,0.009,0.012,0.008,0.06,40.398396,40.398396,1.0
1.2017,13,0.003,0.004,0.006,0.0,2.5086029,-0.4413569,-0.17593734
0.708,18,0.007,0.012,0.0,0.02,22.324877,22.324877,1.0
1.2017,13,0.003,0.004,-0.01,0.02,124.79804,112.5131,0.90156144
0.9933,1,0.003,0.006,-0.004,0.02,6.026585,7.43226,1.2332457
1.3313,8,0.003,0.01,-0.002,0.08,47.997406,44.185223,0.9205752
1.0044,13,0.003,0.006,-0.002,0.08,55.64123,40.334854,0.7249094
0.9458,3,0.007,0.004,0.0,0.04,26.058401,27.9699,1.0733545
0.9242,20,0.003,0.006,0.008,0.08,84.62819,65.880974,0.7784755
0.9531,19,0.003,0.006,-0.008,0.04,68.66599,53.268436,0.77576154
1.0293,7,0.003,0.004,-0.006,0.04,58.225803,58.2444,1.0003194
0.8962,9,0.003,0.004,-0.002,0.02,35.745613,36.026676,1.0078629
0.7662,14,0.007,0.004,0.002,0.02,72.42819,55.869663,0.77138007
0.7712,3,0.003,0.01,0.006,0.08,14.81208,12.561625,0.8480662
1.1195,16,0.003,0.008,-0.004,0.08,46.23755,37.614853,0.8135131
1.0272,6,0.007,0.006,0.002,0.04,43.92954,41.882656,0.9534053
1.088,13,0.003,0.004,-0.002,0.0,69.27996,59.589626,0.86012787
1.2926,17,0.003,0.012,-0.008,0.04,27.918987,27.918987,1.0
1.1205,5,0.009,0.004,0.002,0.0,65.63269,54.515167,0.83061
0.9155,14,0.007,0.006,0.0,0.04,94.1608,82.6412,0.87766033
0.9607,17,0.007,0.008,0.008,0.06,47.198433,32.981934,0.698793
1.4587,1,0.007,0.006,-0.01,0.06,62.959343,64.75037,1.0284473
1.1822,16,0.005,0.01,0.004,0.02,21.56241,16.725431,0.7756754
0.8949,14,0.003,0.008,-0.006,0.06,39.31312,29.890118,0.7603089
1.0857,19,0.009,0.012,-0.01,0.06,84.335945,84.335945,1.0
0.8128,11,0.005,0.004,0.0,0.04,51.52468,41.3232,0.80200785
1.5518,5,0.005,0.01,-0.01,0.04,93.36282,87.31917,0.93526703
0.7712,3,0.003,0.01,-0.002,0.06,17.660429,18.39419,1.0415483
1.2682,1,0.005,0.01,0.002,0.06,28.545696,17.558516,0.61510205
0.8737,19,0.009,0.006,0.002,0.02,201.09425,139.59888,0.6941962
1.0462,13,0.009,0.008,-0.004,0.08,133.54417,105.633095,0.7909974
0.8599,5,0.003,0.008,-0.002,0.0,20.322031,11.904221,0.5857791
1.0234,18,0.007,0.01,-0.006,0.02,77.183105,57.74467,0.7481517
0.9008,9,0.009,0.008,-0.006,0.02,93.79734,70.21679,0.7486011
0.8814,16,0.003,0.012,-0.008,0.08,18.818188,18.818188,1.0
1.0117,2,0.003,0.006,0.008,0.04,4.1126966,2.3833919,0.57952046
0.9022,3,0.009,0.008,0.008,0.0,-0.74105316,1.6395588,-2.2124712
0.8737,19,0.009,0.006,-0.01,0.02,266.05612,189.71559,0.71306604
1.2687,11,0.007,0.01,-0.004,0.02,89.15493,72.21593,0.8100049
0.9933,1,0.003,0.006,-0.008,0.04,11.769228,10.896827,0.9258744
1.3766,11,0.007,0.01,0.008,0.08,57.055103,49.572372,0.8688508
1.2687,11,0.007,0.01,0.008,0.04,27.107733,23.688854,0.8738781
1.088,13,0.003,0.004,0.006,0.08,70.06881,65.80775,0.93918747
0.7771,4,0.009,0.008,0.006,0.08,35.93831,33.116943,0.9214942
1.3703,8,0.007,0.01,-0.008,0.06,97.79317,92.57909,0.9466826
0.8575,9,0.005,0.012,-0.002,0.02,22.177755,22.177755,1.0
1.1205,5,0.009,0.004,0.0,0.0,81.71681,70.37024,0.86114764
1.1099,6,0.005,0.006,-0.01,0.02,80.71247,73.33812,0.9086343
1.3313,8,0.003,0.01,-0.004,0.0,50.133957,47.18109,0.9411005
1.1822,16,0.005,0.01,0.002,0.06,34.81526,26.136608,0.7507227
1.2728,5,0.007,0.006,0.004,0.0,51.647034,49.17831,0.9522001
1.2687,11,0.007,0.01,-0.004,0.08,84.95881,68.71866,0.8088468
0.9155,14,0.007,0.006,0.008,0.02,12.529866,5.518898,0.44045946
1.2193,2,0.007,0.006,0.002,0.06,34.194374,32.174362,0.9409256
0.7969,3,0.003,0.008,0.004,0.08,18.251085,17.611708,0.96496767
0.8325,20,0.009,0.01,-0.002,0.0,99.109985,84.49739,0.85256183
0.7969,3,0.003,0.008,0.004,0.02,4.507091,3.9661102,0.8799712
1.0234,18,0.007,0.01,-0.008,0.06,77.743034,59.4968,0.7653007
0.8794,13,0.003,0.004,0.006,0.08,65.15501,61.69248,0.9468571
1.0987,10,0.007,0.004,-0.008,0.0,166.99715,125.664566,0.7524953
0.8949,14,0.003,0.008,0.006,0.04,9.030066,8.253576,0.91401064
0.9019,16,0.007,0.006,-0.002,0.02,125.65916,104.21802,0.8293707
0.8842,6,0.005,0.01,-0.01,0.06,45.29161,43.018475,0.9498111
1.1822,16,0.005,0.01,-0.002,0.02,49.94899,33.67149,0.6741175
1.193,14,0.003,0.012,0.006,0.0,-1.5478024,-1.5478024,1.0
0.9155,14,0.007,0.006,0.006,0.08,89.23296,62.10172,0.69595045
0.9458,3,0.007,0.004,-0.01,0.06,50.345406,47.697453,0.94740427
0.9233,1,0.005,0.01,-0.002,0.08,13.12522,12.660856,0.9646205
0.8794,13,0.003,0.004,-0.008,0.04,79.08529,67.655975,0.85548115
0.704,16,0.005,0.004,-0.004,0.06,92.85288,81.901825,0.8820601
0.9933,1,0.003,0.006,0.008,0.0,0.16594045,1.1865836,7.1506596
1.0987,16,0.007,0.01,0.002,0.08,61.94718,50.736214,0.8190238
1.088,13,0.003,0.004,0.008,0.0,-1.9832482,-0.79214615,0.39941856
1.1195,16,0.003,0.008,-0.002,0.08,44.567616,35.097393,0.7875089
1.0117,2,0.003,0.006,-0.002,0.06,18.233934,16.853107,0.9242716
1.0857,19,0.009,0.012,-0.004,0.0,82.58035,82.58035,1.0
1.2682,1,0.005,0.01,-0.01,0.08,36.990208,37.404655,1.0112042
0.9531,19,0.003,0.006,-0.008,0.06,66.47526,51.790215,0.7790901
1.1019,10,0.009,0.006,-0.008,0.04,173.58313,139.43423,0.80327064
1.0988,6,0.003,0.004,-0.002,0.02,42.184113,41.9253,0.9938647
0.9233,1,0.005,0.01,0.0,0.08,8.970223,8.237453,0.9183108
0.9743,10,0.007,0.008,-0.004,0.02,79.02468,51.50548,0.6517645
0.7434,18,0.007,0.01,-0.006,0.04,52.81041,36.916374,0.69903594
1.2728,5,0.007,0.006,0.008,0.08,44.142937,43.3707,0.98250604
0.7725,20,0.009,0.008,-0.008,0.04,152.12021,129.75983,0.85300845
0.8303,20,0.007,0.01,-0.006,0.0,60.65108,49.41481,0.81473917
0.9933,1,0.003,0.006,0.0,0.0,6.7355547,4.512171,0.6699034
1.0272,6,0.007,0.006,0.008,0.02,9.231727,10.334722,1.1194787
0.9022,3,0.009,0.008,-0.002,0.06,33.97436,30.784252,0.9061025
0.9284,6,0.005,0.004,0.0,0.02,27.073769,26.525078,0.97973347
1.0293,7,0.003,0.004,0.008,0.0,-2.3285089,-2.2490401,0.9658714
1.0641,16,0.009,0.012,0.004,0.04,51.809032,51.809032,1.0
0.9868,15,0.007,0.012,0.004,0.02,22.178795,22.178795,1.0
1.3332,11,0.009,0.012,-0.002,0.0,96.31555,96.31555,1.0
0.7725,20,0.009,0.008,0.002,0.08,119.27268,106.33315,0.89151305
1.0338,10,0.007,0.006,0.004,0.04,54.48651,48.030712,0.8815156
1.0044,13,0.003,0.006,0.0,0.08,52.48837,38.65179,0.7363877
1.0234,18,0.007,0.01,-0.004,0.0,73.594765,53.980595,0.73348415
1.1227,15,0.003,0.012,-0.008,0.04,26.511936,26.511936,1.0
0.8864,19,0.005,0.006,-0.002,0.02,83.027855,77.8716,0.93789726
0.9267,2,0.005,0.01,-0.01,0.04,21.956284,21.932056,0.9988966
1.1249,19,0.007,0.012,-0.006,0.08,52.66032,52.66032,1.0
0.8962,9,0.003,0.004,-0.008,0.02,63.384644,62.915646,0.99260074
1.0338,10,0.007,0.006,0.006,0.0,24.067364,22.921936,0.9524074
1.0857,19,0.009,0.012,0.008,0.04,25.314905,25.314905,1.0
1.0272,6,0.007,0.006,-0.006,0.0,77.35243,77.64442,1.0037748
0.9515,2,0.009,0.012,0.006,0.0,5.6559443,5.6559443,1.0
1.1822,16,0.005,0.01,-0.01,0.0,62.194454,45.81332,0.7366142
1.1019,10,0.009,0.006,0.006,0.02,79.20564,67.69817,0.85471404
0.8206,16,0.007,0.006,0.006,0.06,64.7958,45.60982,0.7039009
1.2017,13,0.003,0.004,0.0,0.02,61.643005,45.463528,0.7375294
0.9933,1,0.003,0.006,-0.01,0.06,13.137538,12.275965,0.934419
0.7725,20,0.009,0.008,0.006,0.06,83.971664,60.77455,0.7237507
0.8794,13,0.003,0.004,-0.01,0.04,83.737686,70.97821,0.8476257
1.1099,6,0.005,0.006,0.006,0.08,41.631016,36.743073,0.8825889
0.8599,5,0.003,0.008,-0.008,0.02,37.36154,29.158516,0.780442
0.9723,13,0.005,0.01,0.0,0.0,32.659122,17.971098,0.55026275
1.3009,2,0.005,0.01,-0.004,0.02,45.674675,42.73348,0.9356055
0.7542,1,0.005,0.01,-0.008,0.04,0.2454757,0.18721418,0.7626587
1.5545,18,0.005,0.008,0.008,0.06,42.137486,34.214184,0.81196547
0.8599,5,0.003,0.008,0.004,0.0,-2.9184535,-1.6461645,0.5640537
1.2687,11,0.007,0.01,-0.002,0.04,81.812546,65.26587,0.7977489
1.0193,2,0.003,0.008,0.004,0.0,1.7328342,3.2270555,1.8622991
0.7434,18,0.007,0.01,-0.002,0.0,48.611694,30.66268,0.6307676
1.3703,8,0.007,0.01,0.008,0.06,39.41959,36.019485,0.9137458
0.9607,17,0.007,0.008,0.0,0.0,87.24845,57.155457,0.6550885
1.2227,20,0.009,0.004,0.006,0.06,369.1252,254.94073,0.6906619
1.1907,4,0.007,0.01,-0.002,0.0,51.365143,45.5299,0.8863968
1.0338,10,0.007,0.006,0.004,0.06,66.119316,52.242054,0.79011786
1.2926,17,0.003,0.012,0.006,0.06,10.97795,10.97795,1.0
0.9515,2,0.009,0.012,-0.01,0.08,32.55207,32.55207,1.0
1.0857,19,0.009,0.012,-0.01,0.0,84.320946,84.320946,1.0
0.7725,20,0.009,0.008,-0.002,0.08,133.32895,119.378845,0.8953708
1.0272,6,0.007,0.006,0.002,0.0,39.38889,39.536106,1.0037376
1.0272,6,0.007,0.006,-0.006,0.06,77.06007,78.26216,1.0155995
1.3105,1,0.003,0.006,0.002,0.08,31.56908,32.235687,1.0211158
1.1249,19,0.007,0.012,0.004,0.06,30.550436,30.550436,1.0
0.8814,16,0.003,0.012,0.002,0.06,14.005499,14.005499,1.0
1.5518,5,0.005,0.01,0.006,0.0,36.972374,29.365307,0.79424995
1.1227,15,0.003,0.012,0.006,0.0,-1.826883,-1.826883,1.0
0.8864,19,0.005,0.006,-0.004,0.06,90.828125,75.5175,0.831433
0.9723,13,0.005,0.01,-0.004,0.02,43.751106,30.330345,0.6932475
0.8794,13,0.003,0.004,0.008,0.06,39.09291,37.465614,0.9583736
0.8206,16,0.007,0.006,0.0,0.0,94.205505,88.376175,0.93812114
1.0857,19,0.009,0.012,-0.008,0.08,82.013245,82.013245,1.0
0.9022,3,0.009,0.008,0.0,0.0,25.18383,22.738531,0.902902
0.9242,20,0.003,0.006,0.002,0.06,33.53761,28.445015,0.84815276
1.0293,7,0.003,0.004,0.006,0.06,27.819454,26.804415,0.9635133
0.9008,9,0.009,0.008,-0.006,0.0,94.87941,70.95506,0.7478447
0.8705,19,0.003,0.006,-0.004,0.04,51.650642,41.11345,0.79599106
1.0684,18,0.009,0.012,0.0,0.02,74.25206,74.25206,1.0
1.0193,2,0.003,0.008,0.008,0.08,13.037873,13.102854,1.004984
1.0431,14,0.005,0.008,0.006,0.0,6.8159876,3.3662992,0.4938828
0.9458,3,0.007,0.004,-0.008,0.04,42.88396,42.36426,0.98788124
1.3009,2,0.005,0.01,0.0,0.08,37.506252,34.966156,0.9322754
0.9743,10,0.007,0.008,0.0,0.0,60.187073,41.186176,0.6843027
1.2193,2,0.007,0.006,-0.006,0.06,48.997826,50.41472,1.0289174
1.1019,10,0.009,0.006,0.008,0.08,85.80164,97.605194,1.1375679
0.8303,20,0.007,0.01,0.008,0.0,0.7681679,-1.1328527,-1.4747461
1.0272,6,0.007,0.006,-0.01,0.02,88.6745,85.46276,0.9637806
0.9642,1,0.009,0.006,0.002,0.02,6.0232105,5.991688,0.9947665
0.7434,18,0.007,0.01,0.0,0.06,42.14496,24.272482,0.5759285
0.9458,3,0.007,0.004,-0.002,0.08,36.352127,41.75215,1.1485476
0.704,16,0.005,0.004,0.004,0.02,20.292246,16.988932,0.837213
0.8962,9,0.003,0.004,0.002,0.02,15.24985,15.444096,1.0127375
1.5518,5,0.005,0.01,0.004,0.0,49.663933,42.116543,0.84803075
1.4587,1,0.007,0.006,-0.002,0.08,55.101048,57.192173,1.0379508
1.0462,13,0.009,0.008,0.008,0.04,51.13022,46.96669,0.9185701
0.8949,14,0.003,0.008,0.002,0.02,11.373286,10.566497,0.9290628
1.0267,5,0.003,0.01,0.002,0.04,13.737229,12.964652,0.94376034
1.0193,2,0.003,0.008,-0.002,0.0,10.4053755,12.315227,1.1835446
1.0462,13,0.009,0.008,-0.002,0.08,125.63273,106.76207,0.84979504
1.1019,10,0.009,0.006,0.004,0.08,114.73115,108.854576,0.94877964
1.5545,18,0.005,0.008,0.004,0.0,50.751255,51.50505,1.0148528
1.2682,14,0.007,0.004,-0.008,0.04,270.316,142.3461,0.5265915
0.9607,17,0.007,0.008,0.008,0.04,30.499918,19.225477,0.6303452
0.9019,16,0.007,0.006,0.004,0.0,56.05042,46.89168,0.8365982
0.8814,16,0.003,0.012,-0.01,0.02,20.162596,20.162596,1.0
1.5518,5,0.005,0.01,-0.002,0.0,70.071266,66.9264,0.955119
1.3766,11,0.007,0.01,-0.008,0.08,101.89964,86.048615,0.8444447
0.8325,20,0.009,0.01,-0.002,0.08,90.70221,77.824104,0.85801774
0.9155,14,0.007,0.006,0.002,0.08,107.49827,80.76094,0.7512767
1.0193,2,0.003,0.008,0.0,0.06,12.162455,12.057461,0.9913674
0.9868,15,0.007,0.012,0.002,0.08,40.047333,40.047333,1.0
0.8814,16,0.003,0.012,0.006,0.06,13.507383,13.507383,1.0
0.8705,19,0.003,0.006,-0.01,0.0,65.063225,47.086372,0.7237018
0.9284,6,0.005,0.004,-0.006,0.02,57.103107,58.105434,1.017553
0.8303,20,0.007,0.01,-0.004,0.0,59.528015,44.328545,0.74466693
1.1711,14,0.007,0.008,0.002,0.02,85.237946,61.483086,0.7213112
0.7434,18,0.007,0.01,0.006,0.04,19.52311,13.927083,0.713364
0.7434,18,0.007,0.01,0.0,0.04,42.45107,24.355888,0.5737403
0.7969,3,0.003,0.008,-0.002,0.06,19.177826,18.837425,0.9822503
0.7542,1,0.005,0.01,0.002,0.06,4.5180078,4.354961,0.9639118
1.0431,14,0.005,0.008,0.0,0.02,48.295258,36.84917,0.7629977
1.0234,18,0.007,0.01,-0.004,0.04,71.98948,53.591904,0.7444408
1.0524,5,0.005,0.006,0.002,0.04,28.514942,24.157814,0.8471984
1.088,13,0.003,0.004,-0.004,0.08,87.13825,73.56075,0.8441844
1.088,13,0.003,0.004,-0.01,0.06,106.8244,95.68009,0.8956764
0.7193,14,0.009,0.008,-0.004,0.02,98.756355,70.52936,0.7141754
1.3313,8,0.003,0.01,-0.01,0.04,63.652084,57.767204,0.90754616
1.0756,16,0.007,0.008,0.002,0.02,82.05127,55.38941,0.67505854
1.0987,16,0.007,0.01,0.0,0.08,68.66374,50.21311,0.73129004
0.8431,9,0.007,0.006,0.0,0.04,57.329914,59.578476,1.0392214
1.4153,19,0.009,0.01,0.0,0.08,156.22194,118.00114,0.7553429
0.9723,13,0.005,0.01,-0.004,0.06,41.064926,28.836397,0.7022148
1.1116,10,0.009,0.004,0.0,0.06,164.75224,134.97784,0.8192777
1.1711,14,0.007,0.008,0.0,0.06,96.58884,75.90657,0.7858731
1.1099,6,0.005,0.006,0.004,0.0,17.000881,15.577065,0.91625047
1.1195,16,0.003,0.008,-0.002,0.02,42.215496,32.609596,0.7724556
1.1195,16,0.003,0.008,-0.004,0.04,45.883842,36.59828,0.79762894
1.0641,16,0.009,0.012,0.002,0.02,64.72751,64.72751,1.0
1.0756,16,0.007,0.008,0.004,0.08,80.33364,59.501198,0.740676
1.2227,20,0.009,0.004,0.004,0.0,442.02902,295.5449,0.6686097
0.9642,1,0.009,0.006,0.002,0.08,14.514331,13.19797,0.90930617
1.0044,13,0.003,0.006,0.002,0.0,14.088666,14.412874,1.023012
1.0338,10,0.007,0.006,0.006,0.02,29.450933,26.76112,0.908668
0.9515,2,0.009,0.012,0.008,0.0,3.7248552,3.7248552,1.0
0.8814,16,0.003,0.012,0.0,0.06,9.842966,9.842966,1.0
1.3766,11,0.007,0.01,-0.006,0.06,100.27304,84.044334,0.83815485
0.9267,2,0.005,0.01,-0.004,0.04,14.320323,14.509566,1.0132151
0.8962,9,0.003,0.004,-0.006,0.04,56.913322,56.675346,0.9958186
0.7542,1,0.005,0.01,0.002,0.02,-0.66165704,-1.4094547,2.1301892
0.9868,15,0.007,0.012,0.008,0.02,6.56091,6.56091,1.0
1.0756,16,0.007,0.008,0.006,0.06,59.421143,48.558678,0.8171953
1.2682,14,0.007,0.004,0.0,0.04,214.6159,109.43347,0.50990385
1.0272,6,0.007,0.006,0.004,0.06,46.1575,43.99434,0.9531352
1.0234,18,0.007,0.01,-0.002,0.0,71.72525,51.38899,0.71647
1.1907,4,0.007,0.01,-0.008,0.08,64.68386,59.091038,0.913536
1.0267,5,0.003,0.01,0.008,0.08,19.28026,16.64332,0.8632311
0.8949,14,0.003,0.008,0.002,0.06,23.495684,16.118378,0.6860144
1.2752,10,0.005,0.006,0.002,0.06,70.90302,53.105633,0.7489897
1.0462,13,0.009,0.008,0.002,0.0,112.03272,88.87964,0.7933364
1.1227,15,0.003,0.012,0.004,0.06,14.497019,14.497019,1.0
1.2752,10,0.005,0.006,-0.006,0.08,105.46437,81.76955,0.77532864
1.0193,2,0.003,0.008,-0.004,0.02,16.696558,18.652857,1.1171678
1.2926,17,0.003,0.012,0.002,0.0,9.01985,9.01985,1.0
0.9126,19,0.005,0.006,-0.01,0.02,109.75551,73.342575,0.66823596
1.2687,11,0.007,0.01,0.006,0.06,48.867214,43.07052,0.88137865
1.3332,11,0.009,0.012,-0.006,0.04,100.504944,100.504944,1.0
0.9019,16,0.007,0.006,0.0,0.0,107.46652,94.695526,0.881163
1.0431,14,0.005,0.008,0.008,0.08,56.312344,42.837433,0.76071125
0.708,18,0.007,0.012,-0.006,0.0,33.168034,33.168034,1.0
0.8814,16,0.003,0.012,-0.008,0.04,19.535156,19.535156,1.0
0.9458,3,0.007,0.004,-0.002,0.0,26.280453,30.960588,1.1780843
1.1195,16,0.003,0.008,0.0,0.08,44.955357,38.303677,0.8520381
0.9531,19,0.003,0.006,-0.006,0.0,66.298836,53.34396,0.80459875
1.3047,19,0.007,0.01,-0.002,0.08,86.50648,61.06746,0.70592934
0.9515,2,0.009,0.012,0.002,0.04,12.988846,12.988846,1.0
1.2687,11,0.007,0.01,-0.002,0.06,80.29632,64.15655,0.7989974
0.9868,15,0.007,0.012,0.0,0.08,43.48857,43.48857,1.0
1.0234,18,0.007,0.01,-0.008,0.08,76.63312,58.904297,0.7686533
1.0338,10,0.007,0.006,0.0,0.06,83.223564,74.28852,0.8926381
0.8325,20,0.009,0.01,-0.01,0.0,103.97419,90.53669,0.8707612
0.8864,19,0.005,0.006,0.006,0.04,30.735838,23.015219,0.74880725
1.0857,19,0.009,0.012,0.0,0.06,71.45104,71.45104,1.0
0.9607,17,0.007,0.008,0.004,0.04,54.21879,29.82643,0.5501124
1.1249,19,0.007,0.012,-0.004,0.0,49.182346,49.182346,1.0
1.1019,10,0.009,0.006,-0.006,0.0,168.48811,135.11447,0.80192286
0.8842,6,0.005,0.01,0.0,0.08,37.254913,36.765858,0.98687273
0.9019,16,0.007,0.006,-0.006,0.04,141.33875,110.59635,0.7824914
0.9267,2,0.005,0.01,-0.002,0.02,10.016506,10.381478,1.036437
1.0462,13,0.009,0.008,-0.004,0.02,141.97899,112.6348,0.79332024
0.8303,20,0.007,0.01,0.006,0.0,11.3024,8.2797365,0.7325645
0.7542,1,0.005,0.01,-0.01,0.02,0.7259937,0.8153674,1.1231054
0.7662,14,0.007,0.004,0.006,0.04,46.768425,32.496338,0.694835
0.704,16,0.005,0.004,-0.01,0.04,111.986115,101.102875,0.9028162
1.4153,19,0.009,0.01,0.004,0.08,128.85454,91.55262,0.7105114
0.704,16,0.005,0.004,0.002,0.06,67.5297,59.142075,0.8757935
1.1227,15,0.003,0.012,-0.006,0.06,24.446394,24.446394,1.0
1.1822,16,0.005,0.01,-0.008,0.04,61.739784,45.405785,0.735438
0.8599,5,0.003,0.008,0.006,0.0,-4.0899844,-0.3283633,0.08028473
1.1116,10,0.009,0.004,-0.004,0.06,199.9074,162.21317,0.81144154
0.8303,20,0.007,0.01,0.0,0.04,43.978394,35.104694,0.79822594
0.8912,4,0.005,0.012,-0.004,0.04,25.18031,25.18031,1.0
1.3105,1,0.003,0.006,-0.008,0.08,41.240395,40.410275,0.9798712
0.8737,19,0.009,0.006,-0.01,0.04,264.73856,189.47331,0.71569973
0.9531,19,0.003,0.006,-0.008,0.08,65.233315,50.533176,0.7746529
1.1227,15,0.003,0.012,0.006,0.06,14.090213,14.090213,1.0
1.1116,10,0.009,0.004,-0.006,0.0,213.45746,175.00836,0.81987464
0.7193,14,0.009,0.008,0.008,0.02,16.386158,18.619555,1.1362977
1.3047,19,0.007,0.01,0.002,0.02,74.978386,59.153275,0.7889377
1.2687,11,0.007,0.01,0.004,0.08,62.383575,54.67707,0.8764658
0.8431,9,0.007,0.006,0.006,0.02,18.163565,18.841528,1.0373255
0.8206,16,0.007,0.006,-0.008,0.08,128.62036,106.73194,0.8298215
0.9126,19,0.005,0.006,-0.008,0.08,100.97629,66.81129,0.6616532
0.9022,3,0.009,0.008,0.0,0.08,36.714424,33.865234,0.9223959
1.3047,19,0.007,0.01,0.008,0.04,27.007854,14.682653,0.54364383
0.9531,19,0.003,0.006,-0.01,0.02,71.54118,54.595634,0.76313573
0.7434,18,0.007,0.01,-0.008,0.02,56.479805,38.976692,0.6900996
1.3766,11,0.007,0.01,0.006,0.02,42.35546,37.66681,0.8893023
1.1195,16,0.003,0.008,-0.002,0.06,41.18384,31.291168,0.7597924
1.4153,19,0.009,0.01,-0.01,0.0,173.60638,133.94281,0.7715316
1.0272,6,0.007,0.006,-0.01,0.0,89.49448,86.36909,0.9650773
1.0117,2,0.003,0.006,-0.008,0.02,23.761297,22.441172,0.9444422
0.8599,5,0.003,0.008,-0.008,0.06,38.88585,30.660028,0.78846234
1.193,14,0.003,0.012,0.006,0.02,0.73164105,0.73164105,1.0
1.0431,14,0.005,0.008,0.004,0.04,25.296087,18.874733,0.7461523
0.8599,5,0.003,0.008,0.004,0.06,20.871178,12.65384,0.606283
1.1227,15,0.003,0.012,-0.004,0.02,24.240294,24.240294,1.0
1.3766,11,0.007,0.01,-0.002,0.04,89.47911,72.932434,0.8150778
0.9607,17,0.007,0.008,0.006,0.08,73.755295,51.782578,0.7020862
0.704,16,0.005,0.004,0.0,0.04,61.52572,53.53053,0.87005126
0.9607,17,0.007,0.008,-0.01,0.04,111.36716,75.46209,0.67759734
0.9868,15,0.007,0.012,0.008,0.08,34.996,34.996,1.0
0.8575,9,0.005,0.012,-0.01,0.08,37.34638,37.34638,1.0
1.3047,19,0.007,0.01,0.004,0.04,60.844215,43.953575,0.7223953
1.0988,6,0.003,0.004,-0.006,0.06,62.93566,63.70321,1.0121957
1.1116,10,0.009,0.004,-0.002,0.04,189.96898,148.272,0.7805064
1.1205,5,0.009,0.004,0.006,0.08,60.04192,54.49581,0.9076294
1.0153,19,0.009,0.008,0.0,0.0,176.8554,120.37299,0.6806295
1.1195,16,0.003,0.008,0.004,0.06,24.713339,18.675095,0.75566864
0.8814,16,0.003,0.012,-0.002,0.08,14.965115,14.965115,1.0
0.8599,5,0.003,0.008,0.006,0.08,25.392918,16.748476,0.6595727
0.8962,9,0.003,0.004,0.0,0.06,40.30196,38.478855,0.9547639
1.1116,10,0.009,0.004,0.0,0.0,173.14204,142.58073,0.82348996
0.8814,16,0.003,0.012,0.002,0.02,6.9257817,6.9257817,1.0
1.0641,16,0.009,0.012,-0.006,0.02,82.41485,82.41485,1.0
1.1227,15,0.003,0.012,0.008,0.08,20.556086,20.556086,1.0
1.4153,19,0.009,0.01,-0.002,0.02,166.1143,127.666016,0.7685432
0.769,14,0.007,0.01,0.006,0.06,29.107689,23.736223,0.8154623
0.9723,13,0.005,0.01,0.002,0.06,25.37409,21.534838,0.84869397
1.1195,16,0.003,0.008,0.002,0.04,20.087366,19.31901,0.96174926
0.7193,14,0.009,0.008,-0.002,0.08,89.95045,66.75749,0.74215853
0.9868,15,0.007,0.012,0.004,0.08,36.558018,36.558018,1.0
0.9607,17,0.007,0.008,-0.01,0.0,111.38972,75.59578,0.67866033
1.4587,1,0.007,0.006,0.0,0.0,56.332397,59.006443,1.047469
0.9242,20,0.003,0.006,0.006,0.04,22.776634,15.608599,0.68529
0.9022,3,0.009,0.008,-0.01,0.08,47.66781,46.501022,0.9755226
1.0684,18,0.009,0.012,-0.006,0.08,80.46968,80.46968,1.0
0.8128,11,0.005,0.004,-0.008,0.0,91.911934,80.65429,0.87751704
1.0987,16,0.007,0.01,0.006,0.04,33.314766,29.169376,0.875569
0.7969,3,0.003,0.008,-0.002,0.02,11.3989525,12.692265,1.1134589
1.1099,6,0.005,0.006,-0.01,0.08,79.94902,74.606186,0.933172
1.1907,4,0.007,0.01,0.008,0.04,21.416502,21.203417,0.99005044
0.9345,9,0.005,0.008,-0.004,0.08,55.380947,35.302105,0.63744134
1.2752,10,0.005,0.006,0.006,0.04,26.756384,26.397432,0.9865844
0.9642,1,0.009,0.006,-0.01,0.08,17.583706,17.883179,1.0170313
1.1099,6,0.005,0.006,0.0,0.02,41.125477,36.72324,0.89295596
1.1907,4,0.007,0.01,0.0,0.08,46.01945,46.422413,1.0087563
1.1019,10,0.009,0.006,-0.004,0.06,156.00117,124.212006,0.79622483
1.1205,5,0.009,0.004,-0.004,0.0,94.0503,83.51795,0.88801366
0.8431,9,0.007,0.006,-0.008,0.0,87.99854,88.01102,1.0001417
0.8705,19,0.003,0.006,-0.01,0.02,64.375084,46.47857,0.72199625
1.0462,13,0.009,0.008,0.002,0.04,107.17629,86.18093,0.80410445
1.3313,8,0.003,0.01,-0.01,0.08,61.24468,56.64767,0.9249403
1.0293,7,0.003,0.004,-0.006,0.08,65.037384,62.558224,0.961881
1.1019,10,0.009,0.006,-0.008,0.06,171.12114,138.66322,0.810322
0.8794,13,0.003,0.004,-0.002,0.0,48.64066,39.581223,0.81374764
0.9437,20,0.007,0.004,-0.01,0.06,299.94998,251.77417,0.8393872
0.9008,9,0.009,0.008,0.004,0.04,46.28664,44.913773,0.9703399
0.7662,14,0.007,0.004,-0.008,0.08,153.21503,106.89657,0.69768983
0.8842,6,0.005,0.01,0.002,0.08,32.28542,31.86561,0.98699695
1.1822,16,0.005,0.01,-0.002,0.06,46.653023,31.708574,0.6796682
1.1249,19,0.007,0.012,-0.002,0.0,47.565502,47.565502,1.0
0.8206,16,0.007,0.006,-0.006,0.06,125.70011,104.69995,0.83293444
0.8575,9,0.005,0.012,0.004,0.04,11.642158,11.642158,1.0
1.0338,10,0.007,0.006,0.002,0.04,69.81936,64.55283,0.92456925
1.3047,19,0.007,0.01,0.0,0.08,83.95723,58.36656,0.695194
1.2682,1,0.005,0.01,0.008,0.04,20.168194,12.108886,0.60039514
0.7662,14,0.007,0.004,-0.002,0.02,124.394356,76.65919,0.6162594
0.9233,1,0.005,0.01,-0.01,0.06,9.590083,9.506692,0.99130446
1.1116,10,0.009,0.004,-0.006,0.08,201.20232,166.32071,0.82663417
1.0987,10,0.007,0.004,-0.006,0.04,156.4918,116.0715,0.74170977
0.9515,2,0.009,0.012,-0.008,0.0,25.849297,25.849297,1.0
1.2032,8,0.003,0.012,0.008,0.08,17.64226,17.64226,1.0
1.3009,2,0.005,0.01,0.0,0.0,37.72095,28.425945,0.75358504
1.0857,19,0.009,0.012,-0.008,0.0,83.21752,83.21752,1.0
1.0044,13,0.003,0.006,0.006,0.0,-3.851571,-3.7008114,0.9608576
1.0857,19,0.009,0.012,0.004,0.06,52.848957,52.848957,1.0
0.9458,3,0.007,0.004,-0.002,0.04,28.061556,31.773722,1.1322865
1.2752,10,0.005,0.006,0.004,0.08,73.112946,49.583515,0.67817694
1.1822,16,0.005,0.01,0.008,0.06,22.420195,19.482698,0.8689799
1.2032,8,0.003,0.012,0.0,0.08,32.735798,32.735798,1.0
0.9126,19,0.005,0.006,0.008,0.0,-3.0132446,-7.9710493,2.6453376
1.0234,18,0.007,0.01,0.002,0.0,53.921764,48.626823,0.90180326
1.2032,8,0.003,0.012,0.008,0.06,11.4229555,11.4229555,1.0
1.3105,1,0.003,0.006,0.004,0.02,26.715908,25.996946,0.9730886
0.8949,14,0.003,0.008,-0.002,0.06,30.9213,21.161335,0.6843611
1.2728,5,0.007,0.006,-0.006,0.08,90.72726,91.071075,1.0037895
1.1249,19,0.007,0.012,-0.002,0.04,45.032368,45.032368,1.0
1.0857,19,0.009,0.012,0.008,0.08,58.200356,58.200356,1.0
1.193,14,0.003,0.012,-0.01,0.02,34.39238,34.39238,1.0
0.7771,4,0.009,0.008,-0.008,0.04,52.187447,53.294163,1.0212066
1.0987,16,0.007,0.01,-0.01,0.0,86.32646,67.81109,0.7855191
1.1227,15,0.003,0.012,-0.006,0.04,24.230434,24.230434,1.0
0.9933,1,0.003,0.006,0.0,0.04,9.848127,4.3551655,0.44223285
1.0338,10,0.007,0.006,0.006,0.08,71.46911,60.354378,0.844482
1.0272,6,0.007,0.006,-0.002,0.02,60.76985,61.79156,1.0168128
1.1205,5,0.009,0.004,0.002,0.08,72.11228,60.150085,0.83411705
1.0044,13,0.003,0.006,-0.006,0.06,61.573483,46.305153,0.7520308
1.2227,20,0.009,0.004,-0.002,0.02,609.33466,431.98178,0.7089401
1.0462,13,0.009,0.008,-0.004,0.04,138.93318,110.06726,0.7922316
1.3313,8,0.003,0.01,-0.01,0.0,65.12625,59.50959,0.9137573
0.9019,16,0.007,0.006,0.0,0.02,105.69775,92.82617,0.8782228
1.1907,4,0.007,0.01,-0.006,0.02,58.111595,52.517372,0.9037331
0.9155,14,0.007,0.006,-0.002,0.06,107.03957,89.819695,0.83912605
1.1205,5,0.009,0.004,0.006,0.02,46.0603,36.77358,0.79837906
0.7662,14,0.007,0.004,-0.008,0.0,155.32507,111.554375,0.7181994
1.0354,7,0.007,0.008,0.002,0.04,38.871033,35.97134,0.9254022
1.2728,5,0.007,0.006,-0.004,0.08,85.612076,86.070076,1.0053498
0.9233,1,0.005,0.01,0.008,0.04,-0.6346915,-0.96090895,1.513978
0.8864,19,0.005,0.006,0.004,0.06,55.41976,41.14229,0.7423758
1.3766,11,0.007,0.01,0.006,0.04,43.115635,38.275806,0.8877477
1.0431,14,0.005,0.008,-0.006,0.0,75.4807,57.28573,0.7589454
0.7771,4,0.009,0.008,0.004,0.0,19.545288,17.307446,0.8855048
1.0272,6,0.007,0.006,-0.004,0.02,69.445656,69.98572,1.0077767
0.8206,16,0.007,0.006,-0.006,0.04,126.097305,105.787125,0.83893245
1.3766,11,0.007,0.01,-0.008,0.02,106.78379,89.54136,0.8385295
0.8431,9,0.007,0.006,0.004,0.0,20.211744,23.677544,1.1714746
1.0756,16,0.007,0.008,-0.01,0.06,122.986305,85.47439,0.6949911
0.7712,3,0.003,0.01,-0.004,0.06,18.731098,18.599874,0.99299437
1.0044,13,0.003,0.006,-0.008,0.0,70.55911,50.819736,0.7202434
0.7725,20,0.009,0.008,-0.002,0.0,143.6922,127.90988,0.8901658
1.5545,18,0.005,0.008,0.002,0.08,78.76291,69.33256,0.8802691
0.8864,19,0.005,0.006,-0.01,0.06,105.24625,70.42964,0.6691891
0.704,16,0.005,0.004,-0.006,0.06,104.265076,93.34952,0.89530957
0.8864,19,0.005,0.006,0.0,0.0,68.05365,62.16404,0.9134564
1.3332,11,0.009,0.012,-0.006,0.0,103.24648,103.24648,1.0
1.5545,18,0.005,0.008,-0.002,0.04,103.35537,91.18549,0.8822521
0.9126,19,0.005,0.006,-0.006,0.06,98.15262,67.84515,0.691221
0.8705,19,0.003,0.006,0.0,0.02,28.89749,25.735905,0.8905931
0.7771,4,0.009,0.008,0.008,0.02,7.4178343,9.167301,1.235846
1.0857,19,0.009,0.012,-0.004,0.04,82.149925,82.149925,1.0
0.8705,19,0.003,0.006,-0.008,0.02,62.36507,46.042786,0.73827845
1.0524,5,0.005,0.006,-0.008,0.06,60.53315,61.008987,1.0078608
0.8949,14,0.003,0.008,-0.002,0.0,29.421894,20.557098,0.6987007
0.9155,14,0.007,0.006,-0.004,0.0,121.854485,102.796776,0.8436027
0.7193,14,0.009,0.008,0.004,0.0,43.664448,28.6394,0.65589744
0.9743,10,0.007,0.008,-0.008,0.04,88.47713,55.946278,0.63232476
1.1099,6,0.005,0.006,0.004,0.02,20.27049,18.160044,0.89588577
0.7712,3,0.003,0.01,0.008,0.04,4.9368715,4.6106544,0.9339223
0.9743,10,0.007,0.008,-0.002,0.08,72.47763,56.037727,0.77317274
1.088,13,0.003,0.004,-0.008,0.04,102.379776,91.55687,0.8942867
0.8962,9,0.003,0.004,0.006,0.02,3.905078,2.1953168,0.5621698
0.8599,5,0.003,0.008,-0.01,0.06,42.017223,33.70428,0.80215394
0.9155,14,0.007,0.006,-0.006,0.08,125.84542,97.84898,0.7775331
0.8814,16,0.003,0.012,0.0,0.04,8.789046,8.789046,1.0
0.8575,9,0.005,0.012,-0.01,0.0,38.693478,38.693478,1.0
1.0234,18,0.007,0.01,0.002,0.02,53.023067,47.72813,0.900139
1.2193,2,0.007,0.006,0.008,0.0,16.294777,16.081999,0.98694193
1.0857,19,0.009,0.012,0.006,0.02,47.579956,47.579956,1.0
0.9126,19,0.005,0.006,0.0,0.04,68.5373,58.644165,0.8556533
1.1227,15,0.003,0.012,0.0,0.02,15.479946,15.479946,1.0
1.3105,1,0.003,0.006,0.006,0.0,26.706852,25.951006,0.9716984
0.8575,9,0.005,0.012,-0.004,0.04,26.563465,26.563465,1.0
1.0462,13,0.009,0.008,-0.006,0.04,146.4584,111.54227,0.7615969
0.7725,20,0.009,0.008,-0.01,0.08,153.52974,131.05898,0.853639
1.0153,19,0.009,0.008,-0.004,0.06,184.16914,120.90307,0.6564784
1.5518,5,0.005,0.01,0.0,0.0,68.5165,59.062737,0.86202204
0.9515,2,0.009,0.012,0.004,0.08,17.7909,17.7909,1.0
1.0641,16,0.009,0.012,0.002,0.08,62.868233,62.868233,1.0
1.0234,18,0.007,0.01,0.004,0.04,36.868065,33.26001,0.902136
0.8962,9,0.003,0.004,0.008,0.04,14.406594,11.302501,0.7845366
0.9233,1,0.005,0.01,-0.006,0.08,10.229518,9.700801,0.94831455
0.8949,14,0.003,0.008,0.002,0.0,7.427861,6.4066315,0.8625136
0.769,14,0.007,0.01,0.002,0.0,27.891928,21.524221,0.77170074
0.9723,13,0.005,0.01,-0.01,0.0,53.842873,39.125565,0.7266619
1.5518,5,0.005,0.01,0.008,0.08,45.28353,43.03297,0.9503007
0.8128,11,0.005,0.004,-0.004,0.0,74.03419,62.605255,0.8456263
1.0988,6,0.003,0.004,-0.002,0.04,44.268513,42.455994,0.95905626
0.8303,20,0.007,0.01,0.008,0.06,37.306248,27.63799,0.7408408
1.1205,5,0.009,0.004,-0.006,0.06,104.780045,86.08562,0.8215841
1.2017,13,0.003,0.004,-0.008,0.02,117.558876,107.611694,0.91538554
0.8912,4,0.005,0.012,-0.008,0.08,36.813705,36.813705,1.0
1.1205,5,0.009,0.004,0.008,0.08,44.16669,46.39807,1.0505219
1.2687,11,0.007,0.01,0.0,0.02,74.552414,57.66032,0.7734199
0.9242,20,0.003,0.006,-0.008,0.0,66.53218,49.04545,0.7371688
0.7193,14,0.009,0.008,-0.006,0.04,101.09231,68.872444,0.68128276
1.0153,19,0.009,0.008,-0.008,0.04,193.69186,127.58027,0.65867645
1.2017,13,0.003,0.004,-0.01,0.06,118.53037,108.071884,0.91176534
1.2682,14,0.007,0.004,0.008,0.06,91.52569,64.63705,0.7062175
1.0431,14,0.005,0.008,-0.002,0.08,62.69767,44.241962,0.70563966
0.9345,9,0.005,0.008,-0.002,0.04,40.122704,27.281559,0.67995316
0.9531,19,0.003,0.006,-0.01,0.0,71.92103,54.895134,0.7632696
1.1019,10,0.009,0.006,0.006,0.04,84.762596,73.051796,0.86184
1.4153,19,0.009,0.01,0.004,0.04,127.54297,91.325195,0.7160347
0.9267,2,0.005,0.01,0.0,0.08,16.957321,16.224548,0.9567872
0.7771,4,0.009,0.008,-0.002,0.0,36.967163,34.404884,0.9306877
1.2017,13,0.003,0.004,0.008,0.0,-0.14543691,-2.3161292,15.925319
0.8842,6,0.005,0.01,-0.004,0.04,30.514187,30.67182,1.0051659
0.9607,17,0.007,0.008,0.006,0.06,48.923634,34.954323,0.71446705
1.0153,19,0.009,0.008,0.008,0.0,47.989075,45.938934,0.957279
0.7725,20,0.009,0.008,0.004,0.06,100.10069,72.334015,0.72261256
1.3105,1,0.003,0.006,0.002,0.02,29.263332,25.279737,0.8638708
0.8842,6,0.005,0.01,-0.008,0.04,40.45863,38.537155,0.9525077
0.7662,14,0.007,0.004,0.008,0.02,16.212612,3.978253,0.24538013
0.704,16,0.005,0.004,-0.006,0.08,105.19384,93.25925,0.8865467
1.0988,6,0.003,0.004,0.002,0.02,20.37612,18.566301,0.9111794
0.7771,4,0.009,0.008,0.002,0.04,29.368425,26.349316,0.8971988
0.769,14,0.007,0.01,0.004,0.06,31.425774,27.173374,0.86468434
0.8325,20,0.009,0.01,0.002,0.0,82.81179,65.19294,0.78724223
0.8737,19,0.009,0.006,-0.002,0.04,239.15105,169.57797,0.70908314
1.0354,7,0.007,0.008,-0.006,0.08,75.16082,59.957256,0.79771954
1.0272,6,0.007,0.006,-0.004,0.08,73.24423,73.02392,0.99699205
0.9437,20,0.007,0.004,-0.008,0.08,294.61057,245.61565,0.833696
0.8842,6,0.005,0.01,0.0,0.06,27.686474,27.967592,1.0101537
0.9126,19,0.005,0.006,0.004,0.06,57.60438,43.639004,0.75756395
1.0193,2,0.003,0.008,-0.008,0.06,24.302853,24.51472,1.0087179
1.0987,16,0.007,0.01,0.008,0.02,6.3069496,10.518923,1.6678305
0.9743,10,0.007,0.008,0.004,0.02,34.63191,15.890707,0.45884582
0.9126,19,0.005,0.006,0.002,0.0,47.01598,44.880383,0.9545772
0.8912,4,0.005,0.012,-0.002,0.02,18.531464,18.531464,1.0
0.9233,1,0.005,0.01,0.006,0.06,2.8924847,2.6125524,0.90322083
0.8325,20,0.009,0.01,0.0,0.08,81.919334,68.17836,0.83226216
0.9267,2,0.005,0.01,-0.002,0.08,23.30866,22.903463,0.982616
0.704,16,0.005,0.004,-0.01,0.08,108.95376,97.340675,0.8934127
0.9868,15,0.007,0.012,0.006,0.08,35.72678,35.72678,1.0
0.9531,19,0.003,0.006,0.002,0.06,39.317257,26.066992,0.6629911
0.7712,3,0.003,0.01,0.004,0.02,3.5687087,3.7385035,1.0475788
0.9868,15,0.007,0.012,-0.002,0.08,47.00218,47.00218,1.0
1.1822,16,0.005,0.01,-0.006,0.06,57.14842,42.76637,0.74833864
1.3047,19,0.007,0.01,-0.002,0.0,91.46874,64.40959,0.7041705
0.9284,6,0.005,0.004,-0.006,0.04,59.23667,59.99063,1.012728
0.9022,3,0.009,0.008,-0.006,0.06,40.004025,36.256336,0.90631723
1.1249,19,0.007,0.012,-0.004,0.04,48.739807,48.739807,1.0
0.7662,14,0.007,0.004,-0.006,0.0,146.10374,103.927505,0.7113268
1.0293,7,0.003,0.004,-0.004,0.06,53.838146,51.49576,0.9564921
0.9284,6,0.005,0.004,0.004,0.08,45.20521,43.5528,0.96344644
1.5518,5,0.005,0.01,0.0,0.02,68.22809,58.95007,0.8640147
0.9022,3,0.009,0.008,0.008,0.06,17.137863,15.876405,0.9263935
0.8912,4,0.005,0.012,-0.004,0.06,27.603613,27.603613,1.0
1.1205,5,0.009,0.004,-0.002,0.08,89.243286,78.363266,0.87808585
0.9284,6,0.005,0.004,0.002,0.08,48.83344,46.810486,0.9585744
1.2017,13,0.003,0.004,0.0,0.06,70.34701,54.213394,0.7706567
0.9437,20,0.007,0.004,-0.002,0.0,282.05588,236.35817,0.8379835
1.0193,2,0.003,0.008,-0.01,0.08,28.129148,28.022644,0.99621373
1.1227,15,0.003,0.012,-0.01,0.06,27.606705,27.606705,1.0
0.8794,13,0.003,0.004,0.008,0.08,66.127525,61.769012,0.9340893
0.8325,20,0.009,0.01,0.008,0.08,86.26284,75.792076,0.8786179
1.2752,10,0.005,0.006,-0.006,0.04,110.124886,85.17445,0.7734351
1.1227,15,0.003,0.012,-0.002,0.06,19.381033,19.381033,1.0
1.0234,18,0.007,0.01,0.0,0.08,66.123085,46.963673,0.71024626
0.708,18,0.007,0.012,-0.004,0.06,31.69796,31.69796,1.0
0.8325,20,0.009,0.01,-0.004,0.0,100.00085,86.36084,0.8636011
1.1822,16,0.005,0.01,-0.01,0.08,59.169395,43.858173,0.7412307
0.8206,16,0.007,0.006,-0.008,0.04,130.44159,108.616974,0.83268666
1.088,13,0.003,0.004,0.006,0.02,6.6010904,6.1860814,0.9371302
1.5518,5,0.005,0.01,-0.01,0.08,89.842064,84.42217,0.9396731
0.9233,1,0.005,0.01,-0.006,0.04,5.5039654,5.634046,1.023634
0.9019,16,0.007,0.006,-0.004,0.04,133.19722,112.14482,0.84194565
1.0267,5,0.003,0.01,0.002,0.06,20.600767,20.57765,0.9988779
1.088,13,0.003,0.004,0.006,0.06,45.723072,44.292156,0.96870476
1.4587,1,0.007,0.006,0.0,0.08,52.48136,54.527504,1.038988
1.1019,10,0.009,0.006,-0.008,0.0,176.38457,141.91185,0.80455935
1.1822,16,0.005,0.01,-0.006,0.08,57.282475,42.416946,0.74048734
1.4587,1,0.007,0.006,0.006,0.06,47.690353,47.18886,0.9894844
1.1249,19,0.007,0.012,0.0,0.06,42.2115,42.2115,1.0
0.8431,9,0.007,0.006,0.002,0.06,51.62473,50.99196,0.9877429
0.9531,19,0.003,0.006,0.008,0.0,1.4606144,-4.89638,-3.3522742
1.3047,19,0.007,0.01,0.006,0.04,44.563267,27.526476,0.6176943
1.0267,5,0.003,0.01,0.004,0.04,9.71143,9.314153,0.95909184
0.8325,20,0.009,0.01,-0.006,0.08,98.86886,86.59055,0.87581223
1.0272,6,0.007,0.006,-0.002,0.08,70.09002,70.199486,1.0015618
1.1711,14,0.007,0.008,-0.002,0.0,111.06987,88.970276,0.8010298
0.8705,19,0.003,0.006,0.008,0.06,38.5174,22.913591,0.5948894
0.9531,19,0.003,0.006,0.006,0.06,39.06042,24.489424,0.6269626
1.2032,8,0.003,0.012,-0.004,0.02,34.752537,34.752537,1.0
0.9155,14,0.007,0.006,0.002,0.02,75.313,68.637024,0.91135687
1.0267,5,0.003,0.01,-0.004,0.06,30.608803,30.76642,1.0051494
1.3313,8,0.003,0.01,-0.006,0.04,53.789207,50.841675,0.9452022
1.1116,10,0.009,0.004,-0.004,0.08,192.38168,160.49947,0.83427626
1.0987,10,0.007,0.004,0.008,0.06,70.0841,52.28621,0.7460495
1.0431,14,0.005,0.008,-0.002,0.02,62.468533,43.381557,0.69445455
1.0756,16,0.007,0.008,-0.008,0.06,120.31935,84.85059,0.7052115
0.8949,14,0.003,0.008,0.008,0.06,22.093529,13.978264,0.6326859
0.8962,9,0.003,0.004,-0.004,0.04,50.049934,48.702515,0.9730785
1.2752,10,0.005,0.006,-0.01,0.08,118.81182,96.951485,0.81600875
1.3313,8,0.003,0.01,0.008,0.0,3.6698089,-0.19874264,-0.05415613
1.0193,2,0.003,0.008,-0.01,0.02,24.562872,24.537132,0.9989521
0.9126,19,0.005,0.006,0.008,0.06,56.181507,40.509785,0.72105193
0.9868,15,0.007,0.012,0.0,0.06,39.251404,39.251404,1.0
1.2728,5,0.007,0.006,-0.008,0.08,96.96407,96.43473,0.9945408
1.088,13,0.003,0.004,-0.004,0.0,83.53026,72.515236,0.86813134
0.769,14,0.007,0.01,-0.008,0.08,54.961636,39.693253,0.72219926
1.0234,18,0.007,0.01,-0.006,0.04,76.25297,57.8554,0.7587298
1.0988,6,0.003,0.004,-0.004,0.08,61.78751,60.51362,0.9793827
0.8575,9,0.005,0.012,-0.002,0.06,25.15201,25.15201,1.0
0.7969,3,0.003,0.008,0.006,0.08,17.422298,15.745872,0.90377694
0.9126,19,0.005,0.006,0.008,0.02,4.7414565,-1.2223369,-0.25779778
0.9155,14,0.007,0.006,0.004,0.02,55.297836,48.141693,0.8705891
1.3009,2,0.005,0.01,-0.01,0.08,52.17153,52.58598,1.007944
1.193,14,0.003,0.012,-0.004,0.04,27.02353,27.02353,1.0
0.8206,16,0.007,0.006,-0.006,0.08,123.55083,103.640526,0.8388493
0.8794,13,0.003,0.004,0.006,0.0,-0.890795,-1.2444702,1.3970332
1.0684,18,0.009,0.012,-0.002,0.0,78.735466,78.735466,1.0
1.0117,2,0.003,0.006,-0.006,0.08,25.052942,27.860083,1.1120484
1.0272,6,0.007,0.006,0.0,0.06,58.825054,57.1951,0.97229147
1.3703,8,0.007,0.01,-0.006,0.0,99.50198,93.57324,0.94041586
1.1019,10,0.009,0.006,-0.01,0.02,178.84496,145.66504,0.81447667
1.2682,14,0.007,0.004,0.008,0.0,55.874733,12.966743,0.2320681
1.0987,16,0.007,0.01,0.008,0.08,59.787197,44.415493,0.74289304
0.8737,19,0.009,0.006,0.006,0.04,124.487076,96.5484,0.7755697
1.0153,19,0.009,0.008,-0.008,0.02,195.05627,128.21217,0.65730864
0.8599,5,0.003,0.008,-0.004,0.02,27.257746,18.399559,0.6750213
0.9531,19,0.003,0.006,-0.01,0.04,71.203995,54.498695,0.7653882
0.8206,16,0.007,0.006,-0.01,0.02,139.13605,110.430214,0.79368514
0.8737,19,0.009,0.006,0.006,0.08,197.52641,148.31577,0.75086546
1.0153,19,0.009,0.008,-0.008,0.08,189.87088,123.51937,0.65054405
0.9008,9,0.009,0.008,-0.01,0.06,101.604225,75.88862,0.74690413
1.1907,4,0.007,0.01,0.006,0.0,21.415554,21.587984,1.0080516
0.8128,11,0.005,0.004,0.002,0.06,52.413975,50.097435,0.95580304
1.1711,14,0.007,0.008,-0.002,0.06,106.26777,85.41862,0.80380553
1.0987,16,0.007,0.01,0.008,0.04,23.517954,22.643784,0.96282965
0.9022,3,0.009,0.008,0.0,0.02,24.730082,22.87465,0.92497265
0.9126,19,0.005,0.006,-0.004,0.06,93.691216,77.061676,0.82250696
1.2017,13,0.003,0.004,0.004,0.08,69.97376,65.35596,0.93400663
1.2752,10,0.005,0.006,-0.01,0.0,124.847115,101.396736,0.8121672
1.4587,1,0.007,0.006,0.008,0.04,44.590515,40.986565,0.91917676
1.1205,5,0.009,0.004,-0.01,0.06,116.87115,93.81754,0.80274343
1.0272,6,0.007,0.006,-0.01,0.06,87.55149,85.89176,0.9810428
1.4587,1,0.007,0.006,0.006,0.0,49.644,49.316406,0.9934011
1.0431,14,0.005,0.008,0.002,0.06,44.545868,29.348064,0.65882796
1.5545,18,0.005,0.008,0.004,0.02,52.255264,51.636707,0.98816276
1.3105,1,0.003,0.006,0.002,0.0,30.366625,26.383028,0.8688166
1.2682,1,0.005,0.01,0.002,0.0,28.98936,18.321991,0.63202465
1.0293,7,0.003,0.004,-0.008,0.04,65.98057,65.87793,0.99844444
1.1116,10,0.009,0.004,0.006,0.02,88.36465,83.09677,0.9403848
0.8842,6,0.005,0.01,-0.01,0.0,42.736538,40.567547,0.94924736
0.9933,1,0.003,0.006,0.008,0.08,2.3792458,4.843287,2.0356398
1.2017,13,0.003,0.004,-0.004,0.08,98.18685,83.53939,0.85082054
0.9008,9,0.009,0.008,-0.004,0.08,86.67056,62.608532,0.72237366
1.2926,17,0.003,0.012,0.008,0.08,21.463585,21.463585,1.0
0.9868,15,0.007,0.012,0.008,0.04,13.622934,13.622934,1.0
0.8599,5,0.003,0.008,-0.01,0.04,40.311073,32.22761,0.7994729
1.0234,18,0.007,0.01,0.002,0.04,52.428337,47.49667,0.9059351
1.0987,10,0.007,0.004,-0.01,0.08,169.604,127.82351,0.75365853
0.708,18,0.007,0.012,0.008,0.08,33.291557,33.291557,1.0
0.7771,4,0.009,0.008,-0.002,0.04,39.501118,37.34747,0.9454788
1.1711,14,0.007,0.008,0.006,0.0,32.257725,26.606813,0.8248199
1.4587,1,0.007,0.006,0.008,0.0,42.309944,38.640884,0.9132814
1.0153,19,0.009,0.008,0.008,0.08,140.2888,96.427666,0.6873511
0.7434,18,0.007,0.01,0.006,0.02,5.8578997,6.9122543,1.1799885
1.2728,5,0.007,0.006,-0.01,0.02,106.6169,104.43679,0.979552
0.9515,2,0.009,0.012,-0.002,0.08,26.253029,26.253029,1.0
1.193,14,0.003,0.012,-0.01,0.04,33.863647,33.863647,1.0
0.9531,19,0.003,0.006,-0.008,0.02,69.30144,53.89009,0.77761865
0.9284,6,0.005,0.004,0.004,0.02,11.598711,10.327627,0.8904116
1.0684,18,0.009,0.012,0.002,0.0,68.47575,68.47575,1.0
0.8864,19,0.005,0.006,0.006,0.06,55.71368,40.26674,0.72274417
0.9515,2,0.009,0.012,0.002,0.0,10.240518,10.240518,1.0
0.9642,1,0.009,0.006,-0.006,0.08,16.14071,16.866585,1.0449716
1.0988,6,0.003,0.004,-0.01,0.0,74.09881,75.057625,1.0129397
0.9642,1,0.009,0.006,-0.006,0.02,14.287078,14.615176,1.0229647
0.9933,1,0.003,0.006,0.002,0.0,1.0761665,-0.84678996,-0.7868577
0.9233,1,0.005,0.01,0.006,0.04,0.5270319,0.24709965,0.46885142
1.0987,16,0.007,0.01,0.0,0.06,64.31172,50.9869,0.79280883
1.3105,1,0.003,0.006,-0.006,0.06,38.6929,38.567635,0.9967625
1.088,13,0.003,0.004,0.0,0.0,51.306953,40.858837,0.7963606
0.7434,18,0.007,0.01,-0.01,0.0,56.31953,38.98593,0.69222754
1.1019,10,0.009,0.006,0.004,0.04,98.261246,93.235306,0.9488512
1.5545,18,0.005,0.008,-0.004,0.0,112.82104,96.36989,0.8541837
1.0117,2,0.003,0.006,-0.002,0.02,11.858681,9.826539,0.82863677
0.9284,6,0.005,0.004,-0.006,0.06,62.684998,62.815556,1.0020827
1.1822,16,0.005,0.01,-0.004,0.04,54.195927,38.672565,0.7135696
0.9607,17,0.007,0.008,-0.01,0.06,110.6118,74.920906,0.6773319
1.4153,19,0.009,0.01,0.0,0.06,153.97098,117.573,0.76360494
0.7725,20,0.009,0.008,-0.008,0.0,153.41835,130.2845,0.8492107
0.9437,20,0.007,0.004,-0.006,0.06,287.22165,242.40118,0.84395164
0.769,14,0.007,0.01,-0.008,0.04,56.3207,40.269035,0.71499527
0.9515,2,0.009,0.012,-0.002,0.04,19.467619,19.467619,1.0
0.9531,19,0.003,0.006,-0.008,0.0,69.708084,54.347153,0.7796392
0.7712,3,0.003,0.01,0.002,0.02,4.531771,3.9861512,0.8796012
1.1249,19,0.007,0.012,-0.002,0.06,43.87442,43.87442,1.0
1.0272,6,0.007,0.006,0.006,0.04,25.98847,22.646471,0.8714045
0.9126,19,0.005,0.006,-0.004,0.04,97.09367,79.455536,0.81833893
0.9233,1,0.005,0.01,-0.002,0.06,6.745853,7.0516624,1.0453329
1.2682,1,0.005,0.01,0.004,0.08,26.598944,24.2921,0.91327316
0.9743,10,0.007,0.008,-0.008,0.08,88.19527,55.997852,0.6349304
0.8794,13,0.003,0.004,-0.008,0.06,78.139175,66.56034,0.8518178
0.8431,9,0.007,0.006,-0.008,0.06,85.983116,86.288376,1.0035502
0.9022,3,0.009,0.008,0.004,0.02,15.432047,13.885208,0.89976454
1.0338,10,0.007,0.006,-0.006,0.08,112.53023,104.76665,0.93100893
1.0117,2,0.003,0.006,-0.004,0.0,15.92193,17.024025,1.0692186
0.9008,9,0.009,0.008,0.0,0.06,74.24985,56.125587,0.7559017
0.8949,14,0.003,0.008,-0.002,0.08,36.07225,26.539734,0.7357382
1.2682,14,0.007,0.004,-0.006,0.08,255.89827,132.58626,0.51812094
1.5545,18,0.005,0.008,-0.01,0.0,121.61316,106.32922,0.87432337
0.9284,6,0.005,0.004,0.0,0.04,34.286194,33.870457,0.9878745
1.1711,14,0.007,0.008,-0.01,0.04,129.97643,91.408,0.70326596
0.9022,3,0.009,0.008,-0.002,0.04,29.679369,27.710024,0.93364596
1.2752,10,0.005,0.006,0.006,0.0,19.223267,19.132668,0.995287
0.704,16,0.005,0.004,0.008,0.08,106.914,100.654175,0.9414499
0.704,16,0.005,0.004,0.006,0.06,63.699444,58.041317,0.91117465
0.9345,9,0.005,0.008,-0.004,0.02,49.904305,30.831535,0.61781317
0.8206,16,0.007,0.006,0.0,0.02,91.70579,86.40458,0.9421933
1.0193,2,0.003,0.008,-0.006,0.02,19.188023,20.691942,1.0783781
0.9607,17,0.007,0.008,-0.002,0.0,96.28878,65.444275,0.6796667
1.5545,18,0.005,0.008,-0.006,0.0,116.16151,101.75904,0.87601346
1.3105,1,0.003,0.006,0.008,0.0,24.946417,20.304754,0.8139347
0.8842,6,0.005,0.01,0.006,0.06,19.994589,20.027931,1.0016676
0.7434,18,0.007,0.01,-0.01,0.02,56.75086,39.515568,0.696299
0.9284,6,0.005,0.004,0.006,0.04,19.968725,19.555706,0.9793167
0.7771,4,0.009,0.008,0.002,0.0,25.384058,21.523287,0.8479057
1.1711,14,0.007,0.008,-0.008,0.08,122.362305,86.3533,0.70571816
0.8431,9,0.007,0.006,0.008,0.06,38.255886,34.82126,0.9102196
1.3105,1,0.003,0.006,0.0,0.04,32.369144,31.762947,0.9812724
1.1907,4,0.007,0.01,-0.008,0.04,65.435715,59.63905,0.9114143
0.9019,16,0.007,0.006,0.008,0.04,42.44131,30.769228,0.724983
1.3009,2,0.005,0.01,0.004,0.0,30.387953,22.52729,0.74132305
1.2032,8,0.003,0.012,0.008,0.02,-0.3327453,-0.3327453,1.0
0.704,16,0.005,0.004,0.0,0.06,74.75925,66.052864,0.88354105
1.1227,15,0.003,0.012,-0.002,0.04,19.640852,19.640852,1.0
0.9607,17,0.007,0.008,0.008,0.02,11.310826,5.28867,0.46757594
1.1822,16,0.005,0.01,-0.004,0.0,55.84744,39.435104,0.706122
0.8128,11,0.005,0.004,0.004,0.06,48.923615,47.34325,0.9676973
1.0987,10,0.007,0.004,-0.01,0.02,175.29234,132.30424,0.7547634
1.0193,2,0.003,0.008,-0.01,0.0,24.802734,24.650131,0.9938473
1.0153,19,0.009,0.008,0.0,0.08,166.89462,113.23291,0.6784695
1.3766,11,0.007,0.01,-0.006,0.08,99.01005,83.15902,0.83990484
1.1099,6,0.005,0.006,-0.008,0.02,74.68137,68.42812,0.91626763
1.0193,2,0.003,0.008,-0.004,0.0,16.625763,18.455198,1.1100361
0.9437,20,0.007,0.004,0.008,0.06,168.06282,152.80888,0.90923667
0.9008,9,0.009,0.008,-0.008,0.06,98.61405,71.214355,0.72215223
1.4587,1,0.007,0.006,-0.006,0.08,56.4217,58.901794,1.0439564
0.8705,19,0.003,0.006,0.006,0.0,0.47677687,-3.123149,-6.550546
0.7771,4,0.009,0.008,-0.008,0.08,55.673286,56.10574,1.0077677
1.1249,19,0.007,0.012,-0.002,0.08,45.001354,45.001354,1.0
1.1195,16,0.003,0.008,0.0,0.0,31.224949,30.175049,0.96637625
1.3047,19,0.007,0.01,-0.002,0.02,91.15753,64.27411,0.7050883
0.7542,1,0.005,0.01,0.002,0.04,1.6924804,0.94468284,0.5581647
0.8575,9,0.005,0.012,0.0,0.06,22.193775,22.193775,1.0
1.0293,7,0.003,0.004,-0.01,0.02,74.46886,72.97044,0.97987866
0.8842,6,0.005,0.01,-0.004,0.06,33.24008,33.39771,1.004742
0.9008,9,0.009,0.008,0.008,0.02,16.971294,20.577065,1.2124629
0.8575,9,0.005,0.012,0.0,0.02,16.72274,16.72274,1.0
1.3047,19,0.007,0.01,-0.008,0.02,100.01844,70.91455,0.7090148
0.9022,3,0.009,0.008,-0.004,0.0,32.865814,30.869036,0.9392445
0.8705,19,0.003,0.006,0.006,0.04,15.038821,7.7131257,0.512881
1.1195,16,0.003,0.008,0.006,0.08,47.499046,32.930332,0.6932841
0.9437,20,0.007,0.004,0.004,0.08,206.93921,179.7762,0.8687392
1.5545,18,0.005,0.008,-0.006,0.04,113.69907,100.01878,0.87967986
0.9437,20,0.007,0.004,-0.006,0.04,292.9559,245.86702,0.8392629
1.3332,11,0.009,0.012,-0.008,0.04,104.40962,104.40962,1.0
1.1227,15,0.003,0.012,0.0,0.04,15.207976,15.207976,1.0
1.4587,1,0.007,0.006,0.004,0.02,49.63123,48.415474,0.9755042
1.0193,2,0.003,0.008,-0.008,0.0,22.202946,22.148684,0.9975561
0.7969,3,0.003,0.008,0.006,0.0,-2.2175157,-0.57771677,0.26052433
0.8128,11,0.005,0.004,-0.008,0.08,92.6227,81.28811,0.8776262
1.2227,20,0.009,0.004,-0.002,0.06,586.6311,420.62625,0.71702003
0.8864,19,0.005,0.006,-0.006,0.02,100.139984,70.368454,0.70270085
0.9933,1,0.003,0.006,0.0,0.08,8.769848,9.566487,1.0908384
0.9284,6,0.005,0.004,0.006,0.02,7.467209,6.7678638,0.90634453
1.2926,17,0.003,0.012,-0.008,0.0,28.31803,28.31803,1.0
0.8962,9,0.003,0.004,0.008,0.08,43.792904,40.114372,0.9160017
1.3009,2,0.005,0.01,-0.008,0.0,50.67421,50.56905,0.9979248
0.8864,19,0.005,0.006,-0.002,0.0,83.72167,78.351715,0.93585944
0.8794,13,0.003,0.004,0.0,0.08,64.84099,52.156937,0.8043822
1.0857,19,0.009,0.012,0.0,0.0,75.416016,75.416016,1.0
0.769,14,0.007,0.01,-0.01,0.0,58.220642,40.99946,0.70420825
0.9019,16,0.007,0.006,-0.008,0.0,149.23132,116.31683,0.7794398
1.0234,18,0.007,0.01,0.004,0.06,42.263428,38.89312,0.92025477
0.8912,4,0.005,0.012,-0.004,0.02,23.571615,23.571615,1.0
0.9743,10,0.007,0.008,0.004,0.06,44.64033,25.05017,0.56115556
0.708,18,0.007,0.012,0.008,0.02,3.1604755,3.1604755,1.0
1.0267,5,0.003,0.01,0.004,0.02,3.8046162,3.972323,1.0440798
0.9607,17,0.007,0.008,0.002,0.02,71.53376,38.329502,0.53582394
0.9267,2,0.005,0.01,-0.004,0.02,11.91631,12.111893,1.016413
0.8206,16,0.007,0.006,0.006,0.04,41.878246,31.871893,0.76106083
0.769,14,0.007,0.01,-0.006,0.02,55.49052,38.144405,0.687404
1.3047,19,0.007,0.01,-0.004,0.02,95.218605,66.867294,0.7022503
1.1099,6,0.005,0.006,0.006,0.04,19.118166,16.390175,0.8573089
1.3703,8,0.007,0.01,-0.006,0.08,93.93089,88.84344,0.94583833
1.2682,1,0.005,0.01,-0.004,0.08,33.90838,31.584599,0.93146884
1.0987,16,0.007,0.01,0.002,0.0,56.830936,52.43831,0.9227071
0.7725,20,0.009,0.008,0.0,0.08,124.11928,110.67941,0.89171815
0.9284,6,0.005,0.004,-0.002,0.08,57.337418,54.896824,0.95743454
0.9019,16,0.007,0.006,-0.008,0.08,142.84586,111.69586,0.78193283
0.8303,20,0.007,0.01,-0.01,0.04,63.696373,53.26591,0.83624715
0.9267,2,0.005,0.01,0.006,0.04,5.598295,5.3183627,0.9499968
0.708,18,0.007,0.012,-0.01,0.02,35.155045,35.155045,1.0
1.0267,5,0.003,0.01,-0.008,0.0,37.08156,35.350857,0.9533272
1.5545,18,0.005,0.008,0.004,0.08,73.301735,66.27828,0.90418434
1.0756,16,0.007,0.008,0.004,0.0,61.96204,42.192482,0.6809408
1.2193,2,0.007,0.006,0.0,0.04,38.305676,38.66268,1.0093199
1.2752,10,0.005,0.006,-0.008,0.0,119.87751,95.21367,0.794258
0.9743,10,0.007,0.008,-0.002,0.02,69.33992,50.869816,0.7336296
1.4153,19,0.009,0.01,0.008,0.08,122.5577,81.739365,0.666946
0.9242,20,0.003,0.006,-0.006,0.06,61.246216,46.99999,0.7673942
1.2926,17,0.003,0.012,-0.002,0.06,20.665226,20.665226,1.0
0.8575,9,0.005,0.012,-0.01,0.06,36.52905,36.52905,1.0
0.9284,6,0.005,0.004,0.008,0.02,2.6531916,2.9229112,1.1016586
1.0354,7,0.007,0.008,0.006,0.02,16.179834,16.762218,1.0359944
1.2682,14,0.007,0.004,-0.002,0.06,226.38962,111.78972,0.4937935
1.2032,8,0.003,0.012,0.002,0.06,20.976986,20.976986,1.0
0.8949,14,0.003,0.008,-0.004,0.02,34.137344,25.653164,0.75146925
1.2682,14,0.007,0.004,-0.01,0.04,276.872,146.79393,0.53018695
1.2682,14,0.007,0.004,-0.002,0.04,236.85947,115.448784,0.4874147
1.0267,5,0.003,0.01,-0.006,0.06,34.768463,34.926075,1.0045332
0.9345,9,0.005,0.008,-0.008,0.02,59.688633,42.58154,0.71339446
1.3313,8,0.003,0.01,0.0,0.08,40.949387,35.83137,0.8750161
0.8206,16,0.007,0.006,0.002,0.02,76.18316,71.9869,0.9449188
0.8575,9,0.005,0.012,-0.004,0.06,27.127716,27.127716,1.0
0.8325,20,0.009,0.01,-0.008,0.06,100.84407,88.65843,0.87916356
1.193,14,0.003,0.012,0.0,0.02,18.193794,18.193794,1.0
0.9437,20,0.007,0.004,0.004,0.02,135.22,109.23997,0.8078684
0.704,16,0.005,0.004,0.008,0.06,61.860485,55.58416,0.8985406
1.0641,16,0.009,0.012,0.0,0.0,73.987885,73.987885,1.0
1.2227,20,0.009,0.004,0.008,0.06,327.24786,244.39716,0.7468258
0.8962,9,0.003,0.004,-0.004,0.0,48.32318,48.382458,1.0012267
0.7969,3,0.003,0.008,-0.002,0.04,13.366467,14.807371,1.1077999
0.7725,20,0.009,0.008,-0.004,0.04,145.68172,125.25656,0.85979605
0.8128,11,0.005,0.004,-0.002,0.06,63.645,54.640182,0.8585149
0.9155,14,0.007,0.006,-0.004,0.02,121.28314,102.25599,0.8431179
1.0756,16,0.007,0.008,0.004,0.04,62.21456,41.175022,0.6618229
1.1116,10,0.009,0.004,0.004,0.02,117.69224,105.05182,0.8925977
0.8737,19,0.009,0.006,-0.002,0.0,243.95401,173.12674,0.7096696
0.8705,19,0.003,0.006,-0.01,0.08,61.742565,44.500248,0.7207386
1.0193,2,0.003,0.008,0.004,0.02,3.9450538,5.277132,1.3376578
1.3009,2,0.005,0.01,0.002,0.02,33.400215,22.732855,0.68062
0.8128,11,0.005,0.004,0.0,0.08,75.114365,64.86051,0.8634901
0.8864,19,0.005,0.006,-0.01,0.08,103.64386,68.90366,0.66481185
1.0272,6,0.007,0.006,0.004,0.02,30.256779,29.660574,0.9802952
0.8705,19,0.003,0.006,-0.006,0.02,57.910496,44.155586,0.76247984
0.8206,16,0.007,0.006,-0.01,0.04,137.13356,109.81002,0.80075234
1.3332,11,0.009,0.012,0.008,0.04,41.089348,41.089348,1.0
1.1195,16,0.003,0.008,0.0,0.02,31.130499,30.080599,0.9662742
1.0117,2,0.003,0.006,0.004,0.08,13.294989,16.094297,1.2105536
1.193,14,0.003,0.012,0.0,0.04,18.480442,18.480442,1.0
0.9126,19,0.005,0.006,0.002,0.04,51.514145,44.99345,0.87341934
0.9155,14,0.007,0.006,-0.01,0.02,139.57858,110.44788,0.79129535
1.0684,18,0.009,0.012,0.008,0.06,41.49896,41.49896,1.0
1.3703,8,0.007,0.01,0.0,0.02,74.70747,68.216095,0.91310936
0.7771,4,0.009,0.008,0.0,0.0,29.782307,26.976357,0.90578467
0.708,18,0.007,0.012,0.004,0.08,28.610971,28.610971,1.0
1.4587,1,0.007,0.006,-0.004,0.02,57.878838,59.960987,1.0359743
1.1099,6,0.005,0.006,0.002,0.02,32.35517,27.566788,0.8520056
1.4587,1,0.007,0.006,0.002,0.04,51.67846,49.670723,0.96114945
1.2227,20,0.009,0.004,-0.004,0.02,626.5504,427.61688,0.682494
1.3766,11,0.007,0.01,0.002,0.06,67.95508,61.7955,0.90935814
0.9642,1,0.009,0.006,0.008,0.02,2.2306712,0.39253387,0.1759712
1.0354,7,0.007,0.008,-0.01,0.08,82.9893,68.66343,0.82737684
1.3105,1,0.003,0.006,-0.004,0.04,36.38246,37.10929,1.0199775
1.2227,20,0.009,0.004,0.008,0.04,252.13747,199.52403,0.79133034
0.8864,19,0.005,0.006,-0.01,0.04,106.59938,71.56893,0.67138225
1.0153,19,0.009,0.008,0.002,0.04,148.0622,117.75634,0.7953167
0.8814,16,0.003,0.012,-0.004,0.02,15.375762,15.375762,1.0
0.7434,18,0.007,0.01,-0.008,0.0,56.14852,38.469666,0.6851412
0.8599,5,0.003,0.008,0.0,0.06,27.137564,19.79369,0.72938347
0.9267,2,0.005,0.01,0.002,0.04,9.614311,9.035868,0.93983513
1.0193,2,0.003,0.008,0.004,0.06,11.760801,12.137017,1.031989
1.5545,18,0.005,0.008,-0.01,0.08,119.04982,103.985565,0.8734626
1.0641,16,0.009,0.012,-0.01,0.02,84.846565,84.846565,1.0
1.2682,1,0.005,0.01,0.006,0.04,23.516663,15.553853,0.6613971
1.1822,16,0.005,0.01,-0.002,0.0,50.00956,33.556316,0.67099804
1.0354,7,0.007,0.008,0.0,0.08,63.015648,48.110462,0.7634685
1.0354,7,0.007,0.008,0.006,0.04,21.848238,21.72695,0.9944486
1.3703,8,0.007,0.01,0.004,0.08,65.654396,63.967228,0.9743023
0.9008,9,0.009,0.008,-0.008,0.0,102.31726,74.79044,0.73096603
1.0354,7,0.007,0.008,0.0,0.0,53.236645,36.03803,0.67694026
1.2728,5,0.007,0.006,0.006,0.08,51.521946,48.734337,0.9458947
0.8128,11,0.005,0.004,0.0,0.06,59.229496,50.23755,0.84818465
0.9284,6,0.005,0.004,-0.008,0.02,64.4156,64.84321,1.0066382
1.2193,2,0.007,0.006,-0.008,0.04,52.998684,53.710728,1.0134351
1.5545,18,0.005,0.008,0.002,0.02,81.90734,77.71691,0.94883937
0.9155,14,0.007,0.006,-0.006,0.0,130.55597,101.85774,0.7801845
0.7712,3,0.003,0.01,0.002,0.06,13.598332,13.745963,1.0108565
1.0641,16,0.009,0.012,-0.008,0.02,83.29947,83.29947,1.0
0.8814,16,0.003,0.012,0.006,0.02,0.3129517,0.3129517,1.0
0.769,14,0.007,0.01,-0.01,0.02,58.183174,41.060295,0.7057074
0.8912,4,0.005,0.012,-0.006,0.0,27.585516,27.585516,1.0
1.1822,16,0.005,0.01,-0.004,0.02,55.893806,39.657215,0.70951
1.0293,7,0.003,0.004,-0.008,0.02,66.9119,66.731995,0.99731123
0.9642,1,0.009,0.006,-0.006,0.04,14.02997,14.849857,1.0584383
0.8842,6,0.005,0.01,0.004,0.08,29.315527,29.120686,0.99335366
0.7193,14,0.009,0.008,-0.008,0.08,104.90041,65.55856,0.62496
1.0641,16,0.009,0.012,0.0,0.02,73.119865,73.119865,1.0
0.9933,1,0.003,0.006,0.008,0.06,3.6258428,0.8629182,0.23799106
0.8864,19,0.005,0.006,-0.004,0.04,93.87348,77.62952,0.82695895
0.769,14,0.007,0.01,0.006,0.02,5.7042346,7.059308,1.2375557
0.7969,3,0.003,0.008,0.002,0.08,19.34931,18.334074,0.94753116
0.8431,9,0.007,0.006,0.0,0.0,52.446095,56.675835,1.0806493
0.8325,20,0.009,0.01,-0.01,0.04,103.67322,91.04931,0.8782337
1.4153,19,0.009,0.01,-0.01,0.06,174.18509,134.70946,0.7733696
1.0293,7,0.003,0.004,0.006,0.0,-3.5917947,-4.2861805,1.1933255
1.2032,8,0.003,0.012,0.006,0.08,22.462084,22.462084,1.0
0.8431,9,0.007,0.006,0.004,0.04,33.586117,31.705463,0.944005
0.7969,3,0.003,0.008,0.008,0.08,15.019561,13.64473,0.90846395
1.1205,5,0.009,0.004,-0.004,0.02,94.15405,83.50168,0.8868623
1.0987,10,0.007,0.004,-0.006,0.08,152.08704,112.53368,0.7399295
0.7542,1,0.005,0.01,-0.004,0.08,5.0036674,5.642888,1.1277504
0.9126,19,0.005,0.006,-0.004,0.02,99.00716,81.446724,0.8226347
1.0431,14,0.005,0.008,-0.004,0.04,66.08167,48.04185,0.7270072
1.1205,5,0.009,0.004,0.008,0.06,40.901012,41.877975,1.0238861
0.8737,19,0.009,0.006,0.002,0.06,190.41562,130.80322,0.68693537
1.0354,7,0.007,0.008,-0.01,0.02,84.5628,70.29166,0.8312362
0.9515,2,0.009,0.012,0.004,0.0,8.081273,8.081273,1.0
1.2032,8,0.003,0.012,-0.01,0.0,45.917892,45.917892,1.0
0.7662,14,0.007,0.004,-0.01,0.04,159.33107,115.79943,0.726785
0.9437,20,0.007,0.004,-0.002,0.02,278.97208,233.85182,0.8382625
1.0117,2,0.003,0.006,-0.002,0.04,13.254843,11.236497,0.84772766
1.0462,13,0.009,0.008,-0.008,0.06,149.52928,108.49954,0.72560734
1.0462,13,0.009,0.008,0.0,0.0,126.7564,106.44492,0.83975977
0.769,14,0.007,0.01,0.004,0.0,17.8145,16.079115,0.90258574
1.3313,8,0.003,0.01,0.006,0.0,10.404228,5.1775546,0.49763948
1.193,14,0.003,0.012,-0.008,0.0,30.422565,30.422565,1.0
1.2687,11,0.007,0.01,-0.006,0.02,93.140076,76.20107,0.8181341
0.9019,16,0.007,0.006,0.002,0.08,118.094215,89.29281,0.756115
0.8599,5,0.003,0.008,0.006,0.02,0.5626591,1.367234,2.429951
1.088,13,0.003,0.004,0.002,0.0,22.795092,23.91432,1.0490996
0.9126,19,0.005,0.006,0.006,0.0,0.3467134,-2.1435285,-6.1824217
0.9022,3,0.009,0.008,-0.006,0.0,36.457203,34.226627,0.9388166
1.1711,14,0.007,0.008,0.0,0.08,100.06551,80.40922,0.80356574
1.2687,11,0.007,0.01,-0.01,0.08,98.071014,81.21113,0.82808495
1.0756,16,0.007,0.008,0.008,0.0,4.9053946,4.795231,0.97754234
0.9642,1,0.009,0.006,-0.008,0.06,14.245832,14.244314,0.9998934
1.088,13,0.003,0.004,-0.002,0.04,70.91809,59.262604,0.8356486
1.3332,11,0.009,0.012,0.002,0.0,82.03734,82.03734,1.0
1.1099,6,0.005,0.006,-0.004,0.0,62.4391,58.64336,0.9392089
1.4587,1,0.007,0.006,0.002,0.0,53.254585,51.78099,0.97232926
1.4153,19,0.009,0.01,-0.004,0.02,170.23627,132.60509,0.77894735
1.1099,6,0.005,0.006,-0.008,0.04,74.23255,68.12344,0.9177031
0.8842,6,0.005,0.01,-0.002,0.0,25.34855,25.704323,1.0140352
0.8864,19,0.005,0.006,-0.006,0.0,100.24598,70.44389,0.7027104
0.9933,1,0.003,0.006,-0.01,0.08,14.568935,13.507688,0.9271568
1.0234,18,0.007,0.01,-0.002,0.08,69.65032,49.73738,0.71410125
0.9723,13,0.005,0.01,-0.006,0.06,46.845604,35.002953,0.7471982
1.5545,18,0.005,0.008,0.004,0.06,65.95287,59.6721,0.90476876
1.0524,5,0.005,0.006,0.004,0.06,30.022545,27.905737,0.9294927
1.1205,5,0.009,0.004,0.004,0.02,59.389584,47.54998,0.8006451
1.2687,11,0.007,0.01,-0.008,0.04,96.587814,79.64881,0.82462585
0.7969,3,0.003,0.008,-0.008,0.08,28.104486,27.998983,0.99624604
0.7771,4,0.009,0.008,0.0,0.08,43.858063,40.648216,0.9268128
1.0193,2,0.003,0.008,-0.002,0.08,22.444687,22.730835,1.0127491
0.9868,15,0.007,0.012,0.0,0.04,39.933544,39.933544,1.0
1.0988,6,0.003,0.004,0.004,0.02,9.047962,7.3417597,0.8114269
1.5518,5,0.005,0.01,-0.01,0.0,95.74431,89.8048,0.9379649
0.8842,6,0.005,0.01,0.008,0.06,16.424398,16.09818,0.98013824
0.8206,16,0.007,0.006,0.002,0.06,86.866714,72.02911,0.8291912
0.9155,14,0.007,0.006,0.004,0.0,51.105583,44.780704,0.876239
0.8864,19,0.005,0.006,0.002,0.06,63.58417,49.62783,0.7805061
0.8599,5,0.003,0.008,-0.002,0.04,23.556503,15.357707,0.6519519
1.1019,10,0.009,0.006,0.008,0.02,40.775116,49.017704,1.2021475
1.2926,17,0.003,0.012,0.008,0.06,10.095351,10.095351,1.0
0.8705,19,0.003,0.006,0.0,0.08,46.918686,37.79597,0.8055633
0.9933,1,0.003,0.006,0.006,0.04,5.4462667,1.1370319,0.20877272
0.704,16,0.005,0.004,0.008,0.0,-5.848985,-5.603337,0.95800155
0.9267,2,0.005,0.01,0.004,0.0,0.7227773,0.84903854,1.1746889
1.2193,2,0.007,0.006,0.006,0.0,25.072598,24.049112,0.9591791
1.3766,11,0.007,0.01,-0.004,0.02,99.4777,82.23527,0.8266704
1.0987,10,0.007,0.004,0.002,0.06,101.9506,83.425125,0.8182897
0.9019,16,0.007,0.006,-0.008,0.04,145.73862,113.71353,0.7802567
1.2728,5,0.007,0.006,-0.002,0.0,81.24223,82.023834,1.0096207
1.088,13,0.003,0.004,-0.006,0.06,93.47328,82.968544,0.88761777
0.9019,16,0.007,0.006,-0.006,0.02,144.65631,112.74682,0.7794117
0.9868,15,0.007,0.012,-0.006,0.0,49.8485,49.8485,1.0
1.2682,14,0.007,0.004,0.002,0.04,187.87398,94.285324,0.50185406
1.2926,17,0.003,0.012,0.0,0.06,16.662968,16.662968,1.0
